country,code,year,indicator,value
India,IND,2019,NY.GDP.MKTP.KD.ZG,4.2
India,IND,2019,FP.CPI.TOTL.ZG,3.0
India,IND,2020,NY.GDP.MKTP.KD.ZG,0.05
India,IND,2020,FP.CPI.TOTL.ZG,3.35
India,IND,2021,NY.GDP.MKTP.KD.ZG,4.9
India,IND,2021,FP.CPI.TOTL.ZG,3.7
India,IND,2022,NY.GDP.MKTP.KD.ZG,5.25
India,IND,2022,FP.CPI.TOTL.ZG,4.05
India,IND,2023,NY.GDP.MKTP.KD.ZG,5.6
India,IND,2023,FP.CPI.TOTL.ZG,4.4
India,IND,2024,NY.GDP.MKTP.KD.ZG,5.95
India,IND,2024,FP.CPI.TOTL.ZG,4.75
United States,USA,2019,NY.GDP.MKTP.KD.ZG,4.8
United States,USA,2019,FP.CPI.TOTL.ZG,3.6
United States,USA,2020,NY.GDP.MKTP.KD.ZG,0.65
United States,USA,2020,FP.CPI.TOTL.ZG,3.95
United States,USA,2021,NY.GDP.MKTP.KD.ZG,5.5
United States,USA,2021,FP.CPI.TOTL.ZG,4.3
United States,USA,2022,NY.GDP.MKTP.KD.ZG,5.85
United States,USA,2022,FP.CPI.TOTL.ZG,4.65
United States,USA,2023,NY.GDP.MKTP.KD.ZG,6.2
United States,USA,2023,FP.CPI.TOTL.ZG,5.0
United States,USA,2024,NY.GDP.MKTP.KD.ZG,6.55
United States,USA,2024,FP.CPI.TOTL.ZG,5.35
China,CHN,2019,NY.GDP.MKTP.KD.ZG,5.4
China,CHN,2019,FP.CPI.TOTL.ZG,4.2
China,CHN,2020,NY.GDP.MKTP.KD.ZG,1.25
China,CHN,2020,FP.CPI.TOTL.ZG,4.55
China,CHN,2021,NY.GDP.MKTP.KD.ZG,6.1
China,CHN,2021,FP.CPI.TOTL.ZG,4.9
China,CHN,2022,NY.GDP.MKTP.KD.ZG,6.45
China,CHN,2022,FP.CPI.TOTL.ZG,5.25
China,CHN,2023,NY.GDP.MKTP.KD.ZG,6.8
China,CHN,2023,FP.CPI.TOTL.ZG,5.6
China,CHN,2024,NY.GDP.MKTP.KD.ZG,7.15
China,CHN,2024,FP.CPI.TOTL.ZG,5.95
